{
	"name": "foundryvtt-mindmap",
	"title": "M.I.N.D.M.A.P. - Moerills Indecision Negator, Decision Maker, And Planner",
	"description": "Adds a new view to Journal Entries for creating mind map like graphs. In this view you can create a network graph for organizing your relations, flow charts, campaign structures, ideas or whatever you can imagine! Just drag the data from the sidebar to begin planning.",
  "author": "Moerill and p4535992",
  "version": "1.0.0",
  "type": "module",
  "socket": true,
  "includes": [
    "./assets/**",
    "./lang/**",
    "./scripts/**",
    "./styles/**",
    "./templates/**",
    "./module.json",
    "./README.md",
    "./icons/**",
    "./packs/**"
  ],
  "media": [
    {
      "type": "icon",
      "location": ""
    },
    {
      "type": "cover",
      "location": ""
    },
    {
      "type": "screenshot",
      "location": ""
    }
  ],
  "languages": [
    {
      "lang": "en",
      "name": "English",
      "path": "lang/en.json"
    }, {
      "lang": "pt-BR",
      "name": "Português (Brasil)",
      "path": "lang/pt-BR.json"
    }, {
      "lang": "de",
      "name": "Deutsch",
      "path": "lang/de.json"
    }
  ],
  "scripts": [

  ],
  "esmodules": [
    "foundryvtt-mindmap.js"
  ],
  "styles": [
    "styles/graphs.css",
    "module/libs/cytoscape-context-menus.js/cytoscape-context-menus.css"
  ],
  "url": "https://github.com/p4535992/foundryvtt-mindmap",
  "manifest": "https://raw.githubusercontent.com/p4535992/foundryvtt-mindmap/master/src/module.json",
  "download": "https://raw.githubusercontent.com/p4535992/foundryvtt-mindmap/master/package/foundryvtt-mindmap-v1.0.0.zip",
  "minimumCoreVersion": "0.8.5",
  "compatibleCoreVersion": "0.8.6",
  "changelog": "https://raw.githubusercontent.com/p4535992/foundryvtt-mindmap/master/changelog.md",
  "bugs": "https://github.com/p4535992/foundryvtt-mindmap/issues",
  "allowBugReporter": true,
  "dependencies": [
    {
      "name": "lib-wrapper"
    }
  ]
}
